<mxfile host="app.diagrams.net" modified="2021-02-24T21:16:27.665Z" agent="5.0 (Windows NT 10.0; Win64; x64) AppleWebKit/537.36 (KHTML, like Gecko) Chrome/88.0.4324.146 Safari/537.36" version="13.6.9" etag="5T_mGxvlfkGtwjXQSQ-J" type="github">
  <diagram id="r8NbWRaPU3hClnF-LqDV" name="Page-1">
    <mxGraphModel dx="882" dy="507" grid="1" gridSize="10" guides="1" tooltips="1" connect="1" arrows="1" fold="1" page="1" pageScale="1" pageWidth="826" pageHeight="1169" math="0" shadow="0">
      <root>
        <mxCell id="0" />
        <mxCell id="1" parent="0" />
        <mxCell id="33" value="" style="rounded=1;whiteSpace=wrap;fillColor=#E6E6E6" parent="1" vertex="1">
          <mxGeometry x="20" y="20" width="350" height="260" as="geometry" />
        </mxCell>
        <mxCell id="50" value="" style="rounded=1;whiteSpace=wrap;shadow=1" parent="1" vertex="1">
          <mxGeometry x="45" y="60" width="150" height="180" as="geometry" />
        </mxCell>
        <mxCell id="7" value="" style="rounded=1;whiteSpace=wrap;fillColor=#E6E6E6" parent="1" vertex="1">
          <mxGeometry x="540" y="15" width="250" height="270" as="geometry" />
        </mxCell>
        <mxCell id="8" value="DUT&#xa;(Verilog / VHDL)" style="rounded=1;whiteSpace=wrap;fillColor=#28B57F;shadow=1" parent="1" vertex="1">
          <mxGeometry x="615" y="175" width="100" height="100" as="geometry" />
        </mxCell>
        <mxCell id="11" value="VPI" style="rounded=1;whiteSpace=wrap;fillColor=#FFCD3C;shadow=1" parent="1" vertex="1">
          <mxGeometry x="505" y="80" width="70" height="40" as="geometry" />
        </mxCell>
        <mxCell id="13" value="VHPI" style="rounded=1;whiteSpace=wrap;shadow=1;fillColor=#FFCD3C;" parent="1" vertex="1">
          <mxGeometry x="505" y="130" width="70" height="40" as="geometry" />
        </mxCell>
        <mxCell id="14" value="FLI" style="rounded=1;whiteSpace=wrap;shadow=1;fillColor=#FFCD3C;" parent="1" vertex="1">
          <mxGeometry x="505" y="180" width="70" height="40" as="geometry" />
        </mxCell>
        <mxCell id="15" value="GPI" style="rounded=1;whiteSpace=wrap;fillColor=#FFCD3C;shadow=1" parent="1" vertex="1">
          <mxGeometry x="440" y="90" width="40" height="120" as="geometry" />
        </mxCell>
        <mxCell id="18" value="" style="edgeStyle=none;endArrow=none;entryX=0;entryY=0.5;exitX=1;exitY=0.25;fillColor=#FFCD3C;shadow=1" parent="1" source="15" target="11" edge="1">
          <mxGeometry width="100" height="100" relative="1" as="geometry">
            <mxPoint x="480" y="119.5" as="sourcePoint" />
            <mxPoint x="190" y="-35.5" as="targetPoint" />
          </mxGeometry>
        </mxCell>
        <mxCell id="19" value="" style="edgeStyle=none;endArrow=none;entryX=0;entryY=0.5;exitX=1;exitY=0.5;fillColor=#FFCD3C;shadow=1" parent="1" source="15" target="13" edge="1">
          <mxGeometry width="100" height="100" relative="1" as="geometry">
            <mxPoint x="480" y="141.72222222222217" as="sourcePoint" />
            <mxPoint x="190" y="-35.5" as="targetPoint" />
          </mxGeometry>
        </mxCell>
        <mxCell id="20" value="" style="edgeStyle=none;endArrow=none;entryX=0;entryY=0.5;exitX=1;exitY=0.75;fillColor=#FFCD3C;shadow=1" parent="1" source="15" target="14" edge="1">
          <mxGeometry width="100" height="100" relative="1" as="geometry">
            <mxPoint x="480" y="163.94444444444446" as="sourcePoint" />
            <mxPoint x="190" y="-35.5" as="targetPoint" />
          </mxGeometry>
        </mxCell>
        <mxCell id="21" value="Scheduler" style="strokeWidth=2;shape=mxgraph.er.cloud;buttonText=;fontColor=#000000;fontSize=17;" parent="1" vertex="1">
          <mxGeometry x="600" y="50" width="130" height="100" as="geometry" />
        </mxCell>
        <mxCell id="26" value="" style="edgeStyle=none;entryX=0;entryY=0.25" parent="1" edge="1">
          <mxGeometry width="100" height="100" relative="1" as="geometry">
            <mxPoint x="715" y="207" as="sourcePoint" />
            <mxPoint x="735" y="207" as="targetPoint" />
          </mxGeometry>
        </mxCell>
        <mxCell id="27" value="" style="edgeStyle=none;entryX=0;entryY=0.25" parent="1" edge="1">
          <mxGeometry width="100" height="100" relative="1" as="geometry">
            <mxPoint x="715" y="217" as="sourcePoint" />
            <mxPoint x="735" y="217" as="targetPoint" />
          </mxGeometry>
        </mxCell>
        <mxCell id="28" value="" style="edgeStyle=none;entryX=0;entryY=0.25" parent="1" edge="1">
          <mxGeometry width="100" height="100" relative="1" as="geometry">
            <mxPoint x="715" y="227" as="sourcePoint" />
            <mxPoint x="735" y="227" as="targetPoint" />
          </mxGeometry>
        </mxCell>
        <mxCell id="29" value="Embed" style="rounded=1;whiteSpace=wrap;fillColor=#FFCD3C;shadow=1" parent="1" vertex="1">
          <mxGeometry x="330" y="105" width="80" height="30" as="geometry" />
        </mxCell>
        <mxCell id="30" value="Extend" style="rounded=1;whiteSpace=wrap;fillColor=#FFCD3C;shadow=1" parent="1" vertex="1">
          <mxGeometry x="330" y="165" width="80" height="30" as="geometry" />
        </mxCell>
        <mxCell id="31" value="" style="edgeStyle=none;endArrow=none;entryX=0;entryY=0.25;fillColor=#FFCD3C;shadow=1" parent="1" source="29" target="15" edge="1">
          <mxGeometry width="100" height="100" relative="1" as="geometry">
            <mxPoint y="100" as="sourcePoint" />
            <mxPoint x="100" as="targetPoint" />
          </mxGeometry>
        </mxCell>
        <mxCell id="32" value="" style="edgeStyle=none;endArrow=none;entryX=0;entryY=0.75;fillColor=#FFCD3C;shadow=1" parent="1" source="30" target="15" edge="1">
          <mxGeometry width="100" height="100" relative="1" as="geometry">
            <mxPoint y="100" as="sourcePoint" />
            <mxPoint x="100" as="targetPoint" />
          </mxGeometry>
        </mxCell>
        <mxCell id="34" value="Scheduler" style="strokeWidth=2;shape=mxgraph.er.cloud;buttonText=;fontColor=#FFFFFF;fontSize=17;fillColor=#3776AB" parent="1" vertex="1">
          <mxGeometry x="210" y="98.75" width="120" height="92.5" as="geometry" />
        </mxCell>
        <mxCell id="37" value="Python" style="text;spacingTop=-5;fontSize=14;fontStyle=1" parent="1" vertex="1">
          <mxGeometry x="165.00000000000009" y="25" width="60" height="20" as="geometry" />
        </mxCell>
        <mxCell id="38" value="Simulator" style="text;spacingTop=-5;fontSize=14;fontStyle=1" parent="1" vertex="1">
          <mxGeometry x="635" y="25" width="60" height="20" as="geometry" />
        </mxCell>
        <mxCell id="42" value="Coroutine" style="rounded=1;whiteSpace=wrap;fontColor=#FFFFFF;fillColor=#3776AB" parent="1" vertex="1">
          <mxGeometry x="115" y="97.5" width="70" height="15" as="geometry" />
        </mxCell>
        <mxCell id="43" value="Coroutine" style="rounded=1;whiteSpace=wrap;fontColor=#FFFFFF;fillColor=#3776AB" parent="1" vertex="1">
          <mxGeometry x="115" y="117.5" width="70" height="15" as="geometry" />
        </mxCell>
        <mxCell id="44" value="Coroutine" style="rounded=1;whiteSpace=wrap;fontColor=#FFFFFF;fillColor=#3776AB" parent="1" vertex="1">
          <mxGeometry x="115" y="137.5" width="70" height="15" as="geometry" />
        </mxCell>
        <mxCell id="46" value="Coroutine" style="rounded=1;whiteSpace=wrap;fontColor=#FFFFFF;fillColor=#3776AB" parent="1" vertex="1">
          <mxGeometry x="115" y="157.5" width="70" height="15" as="geometry" />
        </mxCell>
        <mxCell id="47" value="Coroutine" style="rounded=1;whiteSpace=wrap;fontColor=#FFFFFF;fillColor=#3776AB" parent="1" vertex="1">
          <mxGeometry x="115" y="177.5" width="70" height="15" as="geometry" />
        </mxCell>
        <mxCell id="48" value="Coroutine" style="rounded=1;whiteSpace=wrap;fontColor=#FFFFFF;fillColor=#3776AB" parent="1" vertex="1">
          <mxGeometry x="115" y="197.5" width="70" height="15" as="geometry" />
        </mxCell>
        <mxCell id="51" value="Test" style="text;spacingTop=-5;fontSize=14;fontStyle=1" parent="1" vertex="1">
          <mxGeometry x="100" y="75" width="30" height="20" as="geometry" />
        </mxCell>
        <mxCell id="52" value="" style="edgeStyle=none;entryX=0;entryY=0.25" parent="1" edge="1">
          <mxGeometry width="100" height="100" relative="1" as="geometry">
            <mxPoint x="595" y="207" as="sourcePoint" />
            <mxPoint x="615" y="207" as="targetPoint" />
          </mxGeometry>
        </mxCell>
        <mxCell id="53" value="" style="edgeStyle=none;entryX=0;entryY=0.25" parent="1" edge="1">
          <mxGeometry width="100" height="100" relative="1" as="geometry">
            <mxPoint x="595" y="217" as="sourcePoint" />
            <mxPoint x="615" y="217" as="targetPoint" />
          </mxGeometry>
        </mxCell>
        <mxCell id="54" value="" style="edgeStyle=none;entryX=0;entryY=0.25" parent="1" edge="1">
          <mxGeometry width="100" height="100" relative="1" as="geometry">
            <mxPoint x="595" y="227" as="sourcePoint" />
            <mxPoint x="615" y="227" as="targetPoint" />
          </mxGeometry>
        </mxCell>
      </root>
    </mxGraphModel>
  </diagram>
</mxfile>
